UNUSED,notes
2ND AVENUE,
ABBY DRIVE,
ABELIA COURT,
ADAMS LANE,
ADELE COURT,
ALBEMARLE ROAD,
ALBURTUS COURT,
ALCAZAR AVENUE,
ALEXANDRIA COURT,
ALLEGHENY AVENUE,
ALLEN LANE,
ALLWOOD DRIVE,
ALTAMAWR AVENUE,
ALYCE COURT,
AMERICAN EAGLE COURT,
ANDERSON LANE,
ANDREW DRIVE,
ANTHONY LANE,
ARCADIA AVENUE,
ARDISIA COURT,
ARDMORE AVENUE,
ARTHUR PLACE,
ASHLEIGH DRIVE,
ASHWOOD COURT,
ASSESSMENT ROAD,
AVALON WAY,
AZALEA COURT,
BAKER STREET,
BAKERS BASIN ROAD,
BAKUN WAY,
BALSAM COURT,
BALSAM DRIVE,
BANNISTER DRIVE,
BARBERRY COURT,
BARCLAY COURT,
BARNETT ROAD,
BASIN ROAD,
BAYBERRY ROAD,
BEARFORT WAY,
BELLEVIEW TERRACE,
BENEDEK ROAD,
BENNINGTON DRIVE,
BERGEN STREET,
BERWYN PLACE,
BETTS AVENUE,
BIRCHWOOD KNOLL ROAD,
BLACK ROAD,
BLACKWELL ROAD,
BONNIE COURT,
BRAMBLE COURT,
BRANCHWOOD COURT,
BRANDON ROAD,
BREARLEY AVENUE,
BRECKENRIDGE PLACE,
BRENTWOOD LANE,
BRIDLE PATH,
BRITTON COURT,
BROMLEY COURT,
BROOKDALE DRIVE,
BRUNSWICK AVENUE,
BRUNSWICK CIRCLE,
BRUNSWICK PIKE,
BUCKINGHAM DRIVE,
BUNKER HILL AVENUE,
BUNKER HILL ROAD,
BURNING TREE LANE,
CAMBRIDGE AVENUE,
CAMELIA COURT,
CANAL VIEW DRIVE,
CANOE LANE,
CARLA WAY,
CARNATION PLACE,
CARNEGIE ROAD,
CARR AVENUE,
CARSON ROAD,
CARTER ROAD,
CARTER STREET,
CARVER PLACE,
CATBIRD COURT,
CEDAR DRIVE,
CHAMBERLIN COURT,
CHARLES WAY,
CHATSWORTH COURT,
CHAUNCY ROAD,
CHELSEA COURT,
CHERRY BLOSSOM COURT,
CHERRY TREE LANE,
CHEVERLY ROAD,
CHOPIN LANE,
CLARKSVILLE ROAD,
CLEMENTON WAY,
CLIVDEN COURT,
CLIVEDEN COURT,
COACH DRIVE,
COBBLESTONE WAY,
COLBY COURT,
COLD SOIL ROAD,
COLE ROAD,
COLONIAL LAKE DRIVE,
CONCORD AVENUE,
CONRAD COURT,
COOLIDGE AVENUE,
COPPERFIELD DRIVE,
CORAL TREE COURT,
CRAB APPLE LANE,
CRAIGIE AVENUE,
CRAVEN LANE,
CREEKSIDE COURT,
CRESTHILL ROAD,
CYPRESS COURT,
DANIELLE COURT,
DARRAH LANE,
DAYNA LANE,
DEER RUN,
DELAWARE AND RARITAN CANAL TOWPATH,
DENNICK COURT,
DENOW ROAD,
DEVON AVENUE,
DICKENS DRIVE,
DITMARS AVENUE,
DIX LANE,
DOGWOOD DRIVE,
DONNA LYNN LANE,
DORCHESTER COURT,
DOROTHEA TERRACE,
DREWES COURT,
DREXEL AVENUE,
DRIFT AVENUE,
DUMONT COURT,
DUNN ALLEY,
DUSTIN DRIVE,
EAGLES CHASE DRIVE,
EAST DARRAH LANE,
EAST RUN DRIVE,
EASTON COURT,
EDGEHILL AVENUE,
EDGEWOOD AVENUE,
EDITH DRIVE,
EGGERTS CROSSING ROAD,
ELDRIDGE AVENUE,
ELM COURT,
ELMO AVENUE,
EMDEN AVENUE,
EMPRESS LANE,
ENTERPRISE AVENUE,
ERIC COURT,
ETS DRIVE,
EVANS LANE,
EXECUTIVE PARK PLAZA ROAD,
FACKLER ROAD,
FAIRBANKS PLACE,
FAIRFIELD AVENUE,
FAIRVIEW TERRACE,
FAIRWAY COURT,
FEATHERBED COURT,
FEDERAL CITY ROAD,
FEDERAL POINT BOULEVARD,
FEILER COURT,
FERNWOOD LANE,
FIELDBORO DRIVE,
FIELDCREST COURT,
FILLMORE PLACE,
FLANIGAN STREET,
FLORHAM DRIVE,
FOCH AVENUE,
FOREST AVENUE,
FOUNTAYNE BOULEVARD,
FOUNTAYNE LANE,
FOXCROFT DRIVE,
FOXTAIL COURT,
FRANKLIN CORNER ROAD,
FREDERICK COURT,
GAINSBORO ROAD,
GALLO COURT,
GARDEN ROAD,
GARRY COURT,
GEDNEY ROAD,
GEORGE STREET,
GERVIN ROAD,
GILPIN COURT,
GLENBROOK COURT,
GLENN AVENUE,
GLENVIEW DRIVE,
GOLDEN PLACE,
GORDAN AVENUE,
GORDON AVENUE,
GRAF AVENUE,
GRANDVIEW AVENUE,
GREELEY ALLEY,
GREEN AVENUE,
GREENFIELD AVENUE,
GREENWOOD AVENUE,
GROVE AVENUE,
GROVERS MILL ROAD,
HAMILTON COURT,
HARDING AVENUE,
HARMONY AVENUE,
HARRIS COURT,
HAVESON AVENUE,
HAWK ROAD,
HAWTHORNE PLACE,
HAZELHURST AVENUE,
HEATHER COURT,
HEDGE ROW COURT,
HELEN AVENUE,
HEMLOCK COURT,
HENDRICKSON ROAD,
HERITAGE WAY,
HIGHFIELD COURT,
HIGLAND ROAD,
HILLCREST AVENUE,
HILLSDALE ROAD,
HOLLY LANE,
HOOVER AVENUE,
HOPATCONG DRIVE,
HOPE STREET,
HOPEWELL AVENUE,
HOPKINS DRIVE,
HUGHES AVENUE,
HUMPHREY'S DRIVE,
HUMPHREYS DRIVE,
HURON WAY,
HYDE COURT,
INDIAN RUN,
IRIS COURT,
IRWIN PLACE,
IVY GLEN LANE,
J RUSSEL SMITH ROAD,
JACKIE DRIVE,
JAMES STREET,
JASMINE COURT,
JASMINE ROAD,
JASPER AVENUE,
JILL LANE,
JOCHRIS DRIVE,
JOFFRE AVENUE,
JOHNSON AVENUE,
JOHNSON ROAD,
JOHNSON TROLLEY LINE TRAIL,
JOYNER COURT,
JUNIPER COURT,
KARENA LANE,
KEEFE ROAD,
KENT COURT,
KETTERER COURT,
KINGS ROAD,
KITE COURT,
KLOCKNER COURT,
KNOX COURT,
LAKE COURT,
LAKE DRIVE,
LAKEDALE DRIVE,
LANDFALL LANE,
LANDOVER ROAD,
LANNIGAN DRIVE,
LANNING AVENUE,
LARKSPUR LANE,
LATTA COURT,
LAUREL WOOD DRIVE,
LAWN PARK AVENUE,
LAWNSIDE DRIVE,
LAWRENCE AVENUE,
LAWRENCE HOPEWELL TRAIL,
LAWRENCE SQUARE BOULEVARD,
LAWRENCE STATION ROAD,
LAWRENCEVILLE - PENNINGTON ROAD,
LAWRENCEVILLE ROAD,
LAWRENCEVILLE SCHOOL ROAD,
LAWRENCIA DRIVE,
LENOX DRIVE,
LEWISVILLE ROAD,
LITHO ROAD,
LITTLE CIRCLE,
LOCUST AVENUE,
LOMBARD AVENUE,
LOST TRAIL,
LOTUS LANE,
LUCERNE DRIVE,
LUMAR ROAD,
LYNN PLACE,
MABEL AVENUE,
MAGNOLIA COURT,
MALL ACCESS ROAD,
MANITEE AVENUE,
MANNING LANE,
MANOR BOULEVARD,
MAPLE AVENUE,
MAPLE LEAF DRIVE,
MAPLEWOOD AVENUE,
MARCHESI DRIVE,
MARILYN COURT,
MARK CERMELE COURT,
MARLBORO ROAD,
MARROW LANE,
MARSH COURT,
MARVIN COURT,
MAYFLOWER AVENUE,
MEADOW ROAD,
MEADOWBROOK AVENUE,
MELVINA DRIVE,
MENDREY COURT,
MERCER ROAD,
MERION PLACE,
MERLINE AVENUE,
MERRITT DRIVE,
MICHIGAN AVENUE,
MILL ROAD,
MILLBROOK LANE,
MILLERICK AVENUE,
MIMOSA COURT,
MINK COURT,
MONROE AVENUE,
MORRELL ROAD,
MORTON COURT,
MULBERRY STREET,
MYA DRIVE,
MYRTLE AVENUE,
NASH COURT,
NASSAU DRIVE,
NASSAU PARK BOULEVARD,
NATHAN HALE AVENUE,
NEW YORK AVENUE,
NEWBERRY AVENUE,
NORTH FIELD COURT,
NORTHBROOK AVENUE,
O'NEIL COURT,
OAK PLACE,
OAKLYN TERRACE,
OFFICE ROAD,
OHIO AVENUE,
OLD BRIDAL PATH,
OLD BRIDLE PATH,
OLD DENOW ROAD,
OLEANDER COURT,
ONEIL COURT,
ONTARIO WAY,
ORCHARD AVENUE,
ORCHARD LANE,
ORCHARD WAY,
OVERLOOK WAY,
OXFORD COURT,
PADDOCK DRIVE,
PAGODA COURT,
PALM COURT,
PEACH TREE COURT,
PEACH TREE DRIVE,
PEAR STREET,
PEMBROKE COURT,
PENLAW ROAD,
PHEASANT DRIVE,
PHILLIPS AVENUE,
PIEDMONT AVENUE,
PILGRIM AVENUE,
PILLA AVENUE,
PIN OAK DRIVE,
PINE KNOLL DRIVE,
PINE STREET,
PLAYERS LANE,
POE ROAD,
POILLON COURT,
POINSETT DRIVE,
POINT COURT,
POLK AVENUE,
PORT MERCER ROAD,
PRESIDENT AVENUE,
PRETTY BROOK ROAD,
PRINCESS ROAD,
PRINCETON AVENUE,
PRINCETON PIKE,
PRINCETON ROAD,
PROVINCE LINE ROAD,
PURITAN AVENUE,
PUTNAM AVENUE,
QUAKER ROAD,
QUAKERBRIDGE ROAD,
QUINCE COURT,
RAVONA PLACE,
REED COURT,
REEDER AVENUE,
REGENCY PLACE,
REGISTRY ROAD,
RENEE COURT,
RESEARCH ROAD,
REVIEW AVENUE,
RICH COURT,
RICHARDS ROAD,
RICKARD COURT,
RITA ROAD,
ROLFE AVENUE,
ROSALIND DRIVE,
ROSE STREET,
ROSEBERRY COURT,
ROSEDALE ROAD,
ROSELAND AVENUE,
ROSETREE LANE,
ROSSA AVENUE,
ROUNDTREE PLACE,
ROXBORO ROAD,
ROYAL OAK ROAD,
RUPERT AVENUE,
RUSTIC COURT,
RYDAL DRIVE,
SANTINA COURT,
SCHERER COURT,
SCHINDLER COURT,
SEA PLACE,
SETH COURT,
SHADOWSTONE LANE,
SHAWN ROAD,
SHELMET LANE,
SHERMAN PLACE,
SHINNEY LANE,
SHIRLEY LANE,
SHORT JOHNSON AVENUE,
SHORT STREET,
SIMONELLI COURT,
SKILLMAN AVENUE,
SKY COURT,
SLACK AVENUE,
SMITHFIELD AVENUE,
SOCIETY WAY,
SONNET PLACE,
SOUTH STREET,
SPRING BEAUTY DRIVE,
SPRINGWOOD DRIVE,
SPRUCE STREET,
STELLA DRIVE,
STEVENS AVENUE,
STEWARD'S CROSSING CREEK,
STEWARDS CROSSING,
STEWARDS CROSSING CREEK,
STEWARDS CROSSING WAY,
STONERISE DRIVE,
STONEY CREEK PLACE,
STONICKER DRIVE,
STOUT COURT,
STRATFORD DRIVE,
STRATTON PLACE,
STRAWBERRY STREET,
STURWOOD WAY,
SUNSET ROAD,
SURREY DRIVE,
SYCAMORE COURT,
TALL TIMBERS DRIVE,
TALON COURT,
TAMAR COURT,
TARTAN COURT,
TEAK LANE,
TEMPLE TERRACE,
TEXAS AVENUE,
THE CIRCLE,
THE CRESCENT,
THERESA DRIVE,
TIFFANY WOODS COURT,
TIFFANY WOODS DRIVE,
TIFFANY WOODS ROAD,
TIOGA AVENUE,
TITUS AVENUE,
TOFTREES COURT,
TOMLYN DRIVE,
TOMPKINS PLACE,
TOWER PLACE,
TOWN COURT,
TRACEY DRIVE,
TRADITIONS WAY,
TRAFALGAR COURT,
TRENTON FREEWAY,
TRENTON-PRINCETON ROAD,
TRUMBULL AVENUE,
TUDOR LANE,
TULANE AVENUE,
TWIN OAKS DRIVE,
VACCARO ROAD,
VALERIE LANE,
VALLEY FORGE AVENUE,
VAN BUREN PLACE,
VAN KIRK ROAD,
VANDERVEER DRIVE,
VERMONT STREET,
VIBURNUM COURT,
VILLAGE COURT,
VILLAGE ROAD,
VILLANOVA DRIVE,
VINCH AVENUE,
VISTA DRIVE,
VOSCEK COURT,
WAYSIDE LANE,
WELLSLEY COURT,
WELLSLEY WAY,
WENCZEL DRIVE,
WEST CHURCH ROAD,
WEST LAUREL WOOD DRIVE,
WEST LONG DRIVE,
WESTFIELD COURT,
WEXFORD DRIVE,
WHITE PINE CIRCLE,
WHITEHEAD ROAD,
WHITEMARSH DRIVE,
WILDBRIAR LANE,
WILK COURT,
WILLOW ROAD,
WILTSHIRE DRIVE,
WINCHESTER AVENUE,
WINDWOOD ROAD,
WINNIPEG LANE,
WINTHROP ROAD,
WITTENBORN DRIVE,
WOODBURY LANE,
WOODFIELD LANE,
WOODLANE ROAD,
WOODMONT DRIVE,
WOODS DRIVE,
WOSNIAK COURT,
YEGER DRIVE,
YORKSHIRE VILLAGE ROAD,
YOUNGS ROAD,
ZOAR AVENUE,